marketId	Txhash	Last Liquidity Sequence	From	To	Quantity
3	0x511f704d3c8fcb15daccaf17ecc833f74f45f377ae94dbada1a14bcf459c0ccf	841960	0xd24085ebfa8c10ab2bd8885d8415a530af5036d3	0xb45da77a1f176430e35fd3529006518b41b0db8b	42.27971174
4	0x3d0c7933a2f19c0e27f4adfeb9dbe23517667083377884cf42accd0968671032	323754	0x3645af64f7ddd6c1e0391c83d58e6ad610bf215a	0x69abf4ae5dd2daad2d71e4a49b63a46e25ee8cae	30.07175832
4	0xcc65eac648f718434f7c097293f30498aef08c934263d4624f7693ca8e530010	329398	0x69abf4ae5dd2daad2d71e4a49b63a46e25ee8cae	0x3645af64f7ddd6c1e0391c83d58e6ad610bf215a	29.77971514
4	0x4a475551b66c854de6bb9f2994eaaa26bfe10563815807d687d16e51dadb7523	333901	0x3645af64f7ddd6c1e0391c83d58e6ad610bf215a	0xce74086c7944d1ac31d14345e69818ca5da093a1	29.36790336
4	0xcaecf4ba5a3eeac7342649ded73e81e348f1eaa93e33993048c4b25ff5bb01e8	1422073	0x6584517383352a073d182238c4cbc4c6ab872edc	0xa62a6496374933d58f4d5a4b5efe44da030b86d2	20405.20000000
5	0x66a855af6f68e41c7504c779f34f33d7c6a4a7b70765d948ff1d6daf0277fc87	1422073	0x6584517383352a073d182238c4cbc4c6ab872edc	0xe02624080123f265bbe3bfea60d6fe66daf0e810	20023.32000000
9	0x7b452f228a877b972f202ba5e6586d53d26d6e89531da72ecdefbc8c2a7e3ee8	1422179	0x6584517383352a073d182238c4cbc4c6ab872edc	0xe963527b3a31b2108c2dd312c08d8518a659eb9b	3.13831078